"","Picture_of","Prob_Adult","Prob_Minor","Prob_Class"
"1","Thomas",0.902954399585724,0.0970455929636955,"0"
"2","Léo",0.61655068397522,0.38344931602478,"Adult"
"3","Iegor",0.999915361404419,8.46829570946284e-05,"Adult"
"4","Child",0.0167473740875721,0.983252644538879,"Minor"
